{"zero":{"Item1":{"x":-0.217367515,"y":1.93622184,"z":-0.210000336},"Item2":{"x":0.70708406,"y":0.00571754063,"z":-0.005683537,"w":-0.7070838,"eulerAngles":{"x":270.923035,"y":269.997467,"z":89.999794},"normalized":{"x":0.707084,"y":0.00571754,"z":-0.00568353664,"w":-0.707083762,"eulerAngles":{"x":270.923645,"y":269.997467,"z":89.999794},"normalized":{"x":0.707083941,"y":0.00571753969,"z":-0.005683536,"w":-0.7070837,"eulerAngles":{"x":270.923645,"y":269.997467,"z":89.999794}}}}},"deg10":{"Item1":{"x":-0.160143122,"y":1.9296155,"z":-0.220697731},"Item2":{"x":0.6963571,"y":0.12280982,"z":-1.98614343E-05,"w":-0.7071106,"eulerAngles":{"x":280.003418,"y":270.0033,"z":79.9965057},"normalized":{"x":0.696356833,"y":0.122809775,"z":-1.98614271E-05,"w":-0.707110345,"eulerAngles":{"x":280.003418,"y":270.0033,"z":79.9965057}}}},"rest":{"Item1":{"x":0.208614916,"y":1.20370865,"z":-0.08546173},"Item2":{"x":0.4991521,"y":-0.5018136,"z":0.497664958,"w":0.5013582,"eulerAngles":{"x":89.6205139,"y":253.03244,"z":342.973022}}},"fcartup":{"Item1":{"x":0.286064535,"y":1.22385955,"z":0.03809315},"Item2":{"x":-0.000637839665,"y":-0.707422733,"z":0.7067902,"w":0.000616848469,"eulerAngles":{"x":89.8898544,"y":180.099915,"z":0.0}}},"fcartdn":{"Item1":{"x":0.2859863,"y":1.110094,"z":0.0379711241},"Item2":{"x":-0.000334392447,"y":-0.7072783,"z":0.7069353,"w":0.0003463477,"eulerAngles":{"x":89.94766,"y":180.0561,"z":0.0},"normalized":{"x":-0.000334392418,"y":-0.707278252,"z":0.7069352,"w":0.000346347661,"eulerAngles":{"x":89.94766,"y":180.0561,"z":0.0}}}},"ecartup":{"Item1":{"x":0.20497027,"y":1.22474468,"z":0.285810351},"Item2":{"x":-0.000298514584,"y":-0.7074808,"z":0.7067327,"w":0.000321537256,"eulerAngles":{"x":89.92867,"y":180.052078,"z":0.0},"normalized":{"x":-0.000298514555,"y":-0.7074807,"z":0.706732631,"w":0.000321537227,"eulerAngles":{"x":89.92867,"y":180.052078,"z":0.0},"normalized":{"x":-0.000298514526,"y":-0.707480669,"z":0.7067326,"w":0.0003215372,"eulerAngles":{"x":89.9233856,"y":180.052078,"z":0.0}}}}},"ecartdn":{"Item1":{"x":0.2050013,"y":1.10981393,"z":0.285951436},"Item2":{"x":-0.00030462406,"y":-0.707481444,"z":0.7067322,"w":0.000316381454,"eulerAngles":{"x":89.92599,"y":180.051239,"z":0.0},"normalized":{"x":-0.000304624,"y":-0.707481265,"z":0.706732035,"w":0.000316381367,"eulerAngles":{"x":89.92599,"y":180.051239,"z":0.0}}}},"key00up":{"Item1":{"x":0.275972873,"y":1.206631,"z":-0.07498899},"Item2":{"x":0.485889375,"y":-0.5139892,"z":0.513244152,"w":0.486114442,"eulerAngles":{"x":89.93745,"y":266.806946,"z":0.0},"normalized":{"x":0.485889316,"y":-0.513989151,"z":0.5132441,"w":0.486114383,"eulerAngles":{"x":89.944046,"y":266.806946,"z":0.0},"normalized":{"x":0.485889345,"y":-0.5139892,"z":0.513244152,"w":0.4861144,"eulerAngles":{"x":89.944046,"y":266.806946,"z":0.0}}}}},"key00dn":{"Item1":{"x":0.278029472,"y":1.1680181,"z":-0.08500134},"Item2":{"x":0.499913126,"y":-0.50017786,"z":0.499735534,"w":0.500173748,"eulerAngles":{"x":89.97202,"y":269.9995,"z":0.0},"normalized":{"x":0.499913067,"y":-0.5001778,"z":0.499735475,"w":0.5001737,"eulerAngles":{"x":89.97202,"y":269.9995,"z":0.0}}}},"key01up":{"Item1":{"x":0.207409024,"y":1.20434713,"z":-0.0845548958},"Item2":{"x":0.499776453,"y":-0.50040704,"z":0.499619037,"w":0.5001977,"eulerAngles":{"x":89.93439,"y":269.976,"z":0.0},"normalized":{"x":0.499776334,"y":-0.5004069,"z":0.499618918,"w":0.5001976,"eulerAngles":{"x":89.93439,"y":269.976,"z":0.0}}}},"key01dn":{"Item1":{"x":0.2080063,"y":1.16697633,"z":-0.08494121},"Item2":{"x":0.499905974,"y":-0.5001945,"z":0.499761671,"w":0.500138,"eulerAngles":{"x":89.960434,"y":269.99353,"z":0.0},"normalized":{"x":0.4999059,"y":-0.50019443,"z":0.4997616,"w":0.5001379,"eulerAngles":{"x":89.960434,"y":269.99353,"z":0.0}}}},"key02up":{"Item1":{"x":0.12092784,"y":1.20551753,"z":-0.08500349},"Item2":{"x":0.499831647,"y":-0.500366151,"z":0.499672621,"w":0.5001296,"eulerAngles":{"x":89.94066,"y":269.9729,"z":0.0},"normalized":{"x":0.4998316,"y":-0.5003661,"z":0.499672562,"w":0.5001295,"eulerAngles":{"x":89.94066,"y":269.9729,"z":0.0}}}},"key02dn":{"Item1":{"x":0.120993406,"y":1.17104876,"z":-0.08499749},"Item2":{"x":0.4998993,"y":-0.500224233,"z":0.499798059,"w":0.5000787,"eulerAngles":{"x":89.9515457,"y":269.983337,"z":0.0},"normalized":{"x":0.499899238,"y":-0.5002242,"z":0.499798,"w":0.5000786,"eulerAngles":{"x":89.9515457,"y":269.983337,"z":0.0}}}},"key03up":{"Item1":{"x":0.0509488881,"y":1.20642841,"z":-0.0849846154},"Item2":{"x":0.499888718,"y":-0.500326335,"z":0.499686658,"w":0.5000981,"eulerAngles":{"x":89.9515457,"y":269.973846,"z":0.0}}},"key03dn":{"Item1":{"x":0.05092293,"y":1.1614387,"z":-0.0850136},"Item2":{"x":0.49990952,"y":-0.5002811,"z":0.499715269,"w":0.5000944,"eulerAngles":{"x":89.9515457,"y":269.9786,"z":0.0},"normalized":{"x":0.4999094,"y":-0.500281,"z":0.499715149,"w":0.5000943,"eulerAngles":{"x":89.9515457,"y":269.9786,"z":0.0}}}},"key10up":{"Item1":{"x":0.2780678,"y":1.20098281,"z":-0.177540362},"Item2":{"x":0.499705076,"y":-0.500336349,"z":0.499683917,"w":0.5002748,"eulerAngles":{"x":89.93147,"y":269.99295,"z":0.0},"normalized":{"x":0.499704957,"y":-0.5003362,"z":0.4996838,"w":0.500274658,"eulerAngles":{"x":89.93147,"y":269.99295,"z":0.0}}}},"key10dn":{"Item1":{"x":0.2780866,"y":1.16226482,"z":-0.177516073},"Item2":{"x":0.499825478,"y":-0.50019747,"z":0.499837846,"w":0.5001398,"eulerAngles":{"x":89.9557648,"y":269.9934,"z":0.0},"normalized":{"x":0.4998253,"y":-0.5001973,"z":0.499837667,"w":0.5001396,"eulerAngles":{"x":89.9557648,"y":269.9934,"z":0.0},"normalized":{"x":0.499825329,"y":-0.500197351,"z":0.4998377,"w":0.500139654,"eulerAngles":{"x":89.9515457,"y":269.9934,"z":0.0}}}}},"key11up":{"Item1":{"x":0.208092719,"y":1.17352247,"z":-0.1775194},"Item2":{"x":0.499813318,"y":-0.5002164,"z":0.499809921,"w":0.5001605,"eulerAngles":{"x":89.96574,"y":269.9936,"z":0.0},"normalized":{"x":0.499813259,"y":-0.500216365,"z":0.499809861,"w":0.500160456,"eulerAngles":{"x":89.96574,"y":269.9936,"z":0.0}}}},"key11dn":{"Item1":{"x":0.208037913,"y":1.16131318,"z":-0.177509},"Item2":{"x":0.49979493,"y":-0.5002391,"z":0.499769717,"w":0.500196159,"eulerAngles":{"x":89.9557648,"y":269.9951,"z":0.0}}},"key12up":{"Item1":{"x":0.120993793,"y":1.18050635,"z":-0.177511677},"Item2":{"x":0.499823272,"y":-0.500212,"z":0.499823,"w":0.500142,"eulerAngles":{"x":89.9515457,"y":269.991974,"z":0.0},"normalized":{"x":0.4998232,"y":-0.500211954,"z":0.499822944,"w":0.5001419,"eulerAngles":{"x":89.9515457,"y":269.991974,"z":0.0}}}},"key12dn":{"Item1":{"x":0.120922595,"y":1.16138887,"z":-0.177501366},"Item2":{"x":0.499801517,"y":-0.5002404,"z":0.4997773,"w":0.50018096,"eulerAngles":{"x":89.960434,"y":269.9932,"z":0.0},"normalized":{"x":0.499801457,"y":-0.5002403,"z":0.499777228,"w":0.5001809,"eulerAngles":{"x":89.960434,"y":269.9932,"z":0.0}}}},"key13up":{"Item1":{"x":0.050832063,"y":1.205713,"z":-0.177536473},"Item2":{"x":0.499647766,"y":-0.5004555,"z":0.4995358,"w":0.5003609,"eulerAngles":{"x":89.90309,"y":269.989166,"z":0.0},"normalized":{"x":0.499647647,"y":-0.5004554,"z":0.49953568,"w":0.5003608,"eulerAngles":{"x":89.90309,"y":269.989166,"z":0.0}}}},"key13dn":{"Item1":{"x":0.0509642661,"y":1.172476,"z":-0.177506045},"Item2":{"x":0.4998233,"y":-0.500225365,"z":0.499792,"w":0.500159264,"eulerAngles":{"x":89.960434,"y":269.992432,"z":0.0}}},"key20up":{"Item1":{"x":0.2780825,"y":1.20617986,"z":-0.270045042},"Item2":{"x":0.499678,"y":-0.5002598,"z":0.4998208,"w":0.5002413,"eulerAngles":{"x":89.9515457,"y":269.997864,"z":0.0}}},"key20dn":{"Item1":{"x":0.27802074,"y":1.1611768,"z":-0.270030528},"Item2":{"x":0.499689549,"y":-0.50024277,"z":0.499765962,"w":0.500301242,"eulerAngles":{"x":89.93745,"y":270.0067,"z":0.0},"normalized":{"x":0.4996896,"y":-0.5002428,"z":0.499766022,"w":0.5003013,"eulerAngles":{"x":89.944046,"y":270.0067,"z":0.0}}}},"key21up":{"Item1":{"x":0.208085388,"y":1.17142868,"z":-0.2700467},"Item2":{"x":0.4998182,"y":-0.500131547,"z":0.499833822,"w":0.5002166,"eulerAngles":{"x":89.97202,